{
    "MSE": 312816488435.1998,
    "RMSE": 559299.9986011083,
    "R2": 0.7095105570232365,
    "MAE": 442034.46883128845
}